[
    {"image":"http://trangsuc.doji.vn/Uploads/Originals/2018/5/7/20180507032957_0518r3518na708-01.jpg","link":"http://trangsuc.doji.vn/bst-vong-tay-yeu-thuong/nhan-nu-0518R3518NA708"},
    {"image":"http://trangsuc.doji.vn/Uploads/Originals/2018/5/7/20180507033051_0518p3519na708-01.jpg","link":"http://trangsuc.doji.vn/bst-vong-tay-yeu-thuong/mat-day-0518P3519NA708"},
    {"image":"http://trangsuc.doji.vn/Uploads/Originals/2018/5/7/20180507033214_0518e3520na708-01.jpg","link":"http://trangsuc.doji.vn/bst-vong-tay-yeu-thuong/hoa-tai-0518E3520NA708"},
    {"image":"http://trangsuc.doji.vn/Uploads/Originals/2018/5/7/20180507033621_0518r3003na710-01.jpg","link":"http://trangsuc.doji.vn/bst-vong-tay-yeu-thuong/nhan-nu-0518R3003NA710"},
    {"image":"http://trangsuc.doji.vn/Uploads/Originals/2018/5/7/20180507033709_0518p3004na710-01.jpg","link":"http://trangsuc.doji.vn/bst-vong-tay-yeu-thuong/mat-day-0518P3004NA710"},
    {"image":"http://trangsuc.doji.vn/Uploads/Originals/2018/5/7/20180507033759_0518e3005na710-01.jpg","link":"http://trangsuc.doji.vn/bst-vong-tay-yeu-thuong/hoa-tai-0518E3005NA710"}
    ]