[
    {"image":"http://trangsuc.doji.vn/Uploads/Originals/2018/5/7/20180507032311_ln-00084.jpg","link":"http://trangsuc.doji.vn/bst-anh-duong-rang-ro/day-collier-LN-00084"},
    {"image":"http://trangsuc.doji.vn/Uploads/Originals/2018/5/7/20180507031623_lp-00025.jpg","link":"http://trangsuc.doji.vn/bst-anh-duong-rang-ro/mat-day-LP-00025"},
    {"image":"http://trangsuc.doji.vn/Uploads/Originals/2018/5/7/20180507031813_lr-00082.jpg","link":"http://trangsuc.doji.vn/bst-anh-duong-rang-ro/nhan-nu-LR-00082"},
    {"image":"http://trangsuc.doji.vn/Uploads/Originals/2018/5/7/20180507031715_lp-00030-01.jpg","link":"http://trangsuc.doji.vn/bst-anh-duong-rang-ro/mat-day-LP-00030"},
    {"image":"http://trangsuc.doji.vn/Uploads/Originals/2018/5/7/20180507031937_lp-00029-01.jpg","link":"http://trangsuc.doji.vn/bst-anh-duong-rang-ro/mat-day-LP-00029"},
    {"image":"http://trangsuc.doji.vn/Uploads/Originals/2018/5/7/20180507031512_le-00023.jpg","link":"http://trangsuc.doji.vn/bst-anh-duong-rang-ro/hoa-tai-LE-00023"}
    ]